{"cameraMode":{"drawMode":0,"name":"Shaded","section":"Shading Mode"},"sceneLighting":false,"audioPlay":false,"sceneViewState":{"showFog":true,"showMaterialUpdate":false,"showSkybox":false,"showFlares":true,"showImageEffects":true,"showParticleSystems":true},"in2DMode":false,"pivot":{"x":-0.5223326683044434,"y":1.1707205772399903,"z":-0.19597722589969636},"rotation":{"x":-0.06359352916479111,"y":0.9119281768798828,"z":-0.15465369820594788,"w":-0.3748485743999481},"size":0.8610082864761353,"orthographic":false}