{"cameraMode":{"drawMode":0,"name":"Shaded","section":"Shading Mode"},"sceneLighting":false,"audioPlay":false,"sceneViewState":{"showFog":true,"showMaterialUpdate":false,"showSkybox":false,"showFlares":true,"showImageEffects":true,"showParticleSystems":true},"in2DMode":false,"pivot":{"x":-0.2558959722518921,"y":0.06947454810142517,"z":0.5277857780456543},"rotation":{"x":-0.05969123914837837,"y":0.8677176833152771,"z":-0.1075425073504448,"w":-0.48161178827285769},"size":0.8292171955108643,"orthographic":false}