{"cameraMode":{"drawMode":0,"name":"Shaded","section":"Shading Mode"},"sceneLighting":true,"audioPlay":false,"sceneViewState":{"showFog":true,"showMaterialUpdate":false,"showSkybox":false,"showFlares":true,"showImageEffects":true,"showParticleSystems":true},"in2DMode":false,"pivot":{"x":-0.06304454803466797,"y":0.29345566034317019,"z":0.25031328201293948},"rotation":{"x":-0.17915979027748109,"y":0.49210047721862795,"z":-0.1042754203081131,"w":-0.8454989790916443},"size":0.8660253882408142,"orthographic":false}