{"cameraMode":{"drawMode":0,"name":"Shaded","section":"Shading Mode"},"sceneLighting":true,"audioPlay":false,"sceneViewState":{"showFog":false,"showMaterialUpdate":false,"showSkybox":false,"showFlares":false,"showImageEffects":false,"showParticleSystems":false},"in2DMode":false,"pivot":{"x":12.296900749206543,"y":12.986044883728028,"z":-6.0145673751831059},"rotation":{"x":-0.1814182847738266,"y":-0.0024351824540644886,"z":0.000027214015062781982,"w":-0.9835618138313294},"size":1.8339745998382569,"orthographic":false}